timestamp,latitude,longitude,altitude
2024-11-13T17:45:42Z,51.491128,-0.439515,43.0
2024-11-13T17:45:43Z,51.490760,-0.440493,-5.199
2024-11-13T17:45:44Z,51.490700,-0.440475,-0.999
2024-11-13T17:45:45Z,51.490692,-0.440425,4.0
2024-11-13T17:45:46Z,51.490695,-0.440452,0.6
2024-11-13T17:45:47Z,51.490687,-0.440425,2.3
2024-11-13T17:45:48Z,51.490700,-0.440442,4.1
2024-11-13T17:45:49Z,51.490710,-0.440452,5.3
2024-11-13T17:45:50Z,51.490715,-0.440468,8.0
2024-11-13T17:45:51Z,51.490723,-0.440473,9.6
2024-11-13T17:45:52Z,51.490695,-0.440443,7.6
2024-11-13T17:45:53Z,51.490710,-0.440457,8.1
2024-11-13T17:45:56Z,51.490737,-0.440478,37.5
2024-11-13T17:45:57Z,51.490733,-0.440478,48.5
2024-11-13T17:45:58Z,51.490742,-0.440497,42.1
2024-11-13T17:45:59Z,51.490738,-0.440517,39.0
2024-11-13T17:46:00Z,51.490738,-0.440528,37.6
2024-11-13T17:46:01Z,51.490737,-0.440540,37.8
2024-11-13T17:46:02Z,51.490728,-0.440540,38.5
2024-11-13T17:46:03Z,51.490732,-0.440520,39.5
2024-11-13T17:46:04Z,51.490742,-0.440493,39.6
2024-11-13T17:46:05Z,51.490778,-0.440485,40.3
2024-11-13T17:46:06Z,51.490805,-0.440492,40.8
2024-11-13T17:46:08Z,51.490830,-0.440503,41.599
2024-11-13T17:46:09Z,51.490852,-0.440522,42.8
2024-11-13T17:46:10Z,51.490867,-0.440548,44.0
2024-11-13T17:46:11Z,51.490870,-0.440563,45.1
2024-11-13T17:46:12Z,51.490885,-0.440590,46.1
2024-11-13T17:46:13Z,51.490898,-0.440617,46.6
2024-11-13T17:46:16Z,51.490925,-0.440687,9.1
2024-11-13T17:46:17Z,51.490917,-0.440695,7.8
2024-11-13T17:46:18Z,51.490912,-0.440705,11.8
2024-11-13T17:46:19Z,51.490903,-0.440718,15.6
2024-11-13T17:46:21Z,51.490893,-0.440745,36.0
2024-11-13T17:46:22Z,51.490880,-0.440752,34.8
2024-11-13T17:46:23Z,51.490862,-0.440755,30.099
2024-11-13T17:46:24Z,51.490853,-0.440765,25.099
2024-11-13T17:46:25Z,51.490838,-0.440773,24.1
2024-11-13T17:46:26Z,51.490817,-0.440778,24.0
2024-11-13T17:46:27Z,51.490793,-0.440778,24.6
2024-11-13T17:46:28Z,51.490773,-0.440775,24.6
2024-11-13T17:46:29Z,51.490760,-0.440775,24.8
2024-11-13T17:46:30Z,51.490750,-0.440783,24.5
2024-11-13T17:46:31Z,51.490742,-0.440792,24.1
2024-11-13T17:46:32Z,51.490728,-0.440793,23.6
2024-11-13T17:46:33Z,51.490723,-0.440798,23.6
2024-11-13T17:46:34Z,51.490713,-0.440805,23.6
2024-11-13T17:46:35Z,51.490702,-0.440807,23.0
2024-11-13T17:46:36Z,51.490692,-0.440807,22.6
2024-11-13T17:46:37Z,51.490685,-0.440805,22.5
2024-11-13T17:46:38Z,51.490668,-0.440798,22.3
2024-11-13T17:46:39Z,51.490658,-0.440797,22.0
2024-11-13T17:46:40Z,51.490650,-0.440797,22.0
2024-11-13T17:46:41Z,51.490650,-0.440798,21.6
2024-11-13T17:46:42Z,51.490655,-0.440807,21.5
2024-11-13T17:46:43Z,51.490660,-0.440805,21.3
2024-11-13T17:46:44Z,51.490663,-0.440802,21.3
2024-11-13T17:46:45Z,51.490663,-0.440798,21.6
2024-11-13T17:46:46Z,51.490663,-0.440788,21.8
2024-11-13T17:46:47Z,51.490658,-0.440768,21.8
2024-11-13T17:46:48Z,51.490660,-0.440747,22.1
2024-11-13T17:46:49Z,51.490663,-0.440728,22.3
2024-11-13T17:46:50Z,51.490655,-0.440720,23.1
2024-11-13T17:46:51Z,51.490645,-0.440723,23.3
2024-11-13T17:46:52Z,51.490645,-0.440737,23.6
2024-11-13T17:46:53Z,51.490642,-0.440755,23.8
2024-11-13T17:46:54Z,51.490645,-0.440765,24.0
2024-11-13T17:46:55Z,51.490648,-0.440773,24.1
2024-11-13T17:46:56Z,51.490653,-0.440787,24.0
2024-11-13T17:46:57Z,51.490658,-0.440802,24.1
2024-11-13T17:46:58Z,51.490667,-0.440817,24.5
2024-11-13T17:46:59Z,51.490672,-0.440830,25.0
2024-11-13T17:47:00Z,51.490677,-0.440843,25.5
2024-11-13T17:47:01Z,51.490687,-0.440857,26.1
2024-11-13T17:47:02Z,51.490710,-0.440893,27.0
2024-11-13T17:47:03Z,51.490713,-0.440912,27.1
2024-11-13T17:47:04Z,51.490718,-0.440920,27.3
2024-11-13T17:47:05Z,51.490723,-0.440912,27.3
2024-11-13T17:47:06Z,51.490727,-0.440890,27.3
2024-11-13T17:47:07Z,51.490723,-0.440870,27.1
2024-11-13T17:47:08Z,51.490715,-0.440848,27.3
2024-11-13T17:47:09Z,51.490702,-0.440833,27.3
2024-11-13T17:47:10Z,51.490692,-0.440823,27.5
2024-11-13T17:47:11Z,51.490678,-0.440812,27.8
2024-11-13T17:47:12Z,51.490668,-0.440805,27.8
2024-11-13T17:47:13Z,51.490660,-0.440807,27.3
2024-11-13T17:47:14Z,51.490645,-0.440810,26.6
2024-11-13T17:47:15Z,51.490622,-0.440815,25.6
2024-11-13T17:47:16Z,51.490595,-0.440833,25.1
2024-11-13T17:47:17Z,51.490562,-0.440852,25.5
2024-11-13T17:47:18Z,51.490525,-0.440867,25.5
2024-11-13T17:47:19Z,51.490478,-0.440890,26.0
2024-11-13T17:47:20Z,51.490428,-0.440925,26.6
2024-11-13T17:47:21Z,51.490383,-0.440943,27.3
2024-11-13T17:47:22Z,51.490360,-0.440948,28.1
2024-11-13T17:47:23Z,51.490345,-0.440943,28.1
2024-11-13T17:47:24Z,51.490335,-0.440937,27.6
2024-11-13T17:47:25Z,51.490328,-0.440935,27.6
2024-11-13T17:47:26Z,51.490327,-0.440932,27.8
2024-11-13T17:47:27Z,51.490323,-0.440922,27.8
2024-11-13T17:47:28Z,51.490327,-0.440912,27.8
2024-11-13T17:47:29Z,51.490327,-0.440908,27.8
2024-11-13T17:47:30Z,51.490327,-0.440917,27.8
2024-11-13T17:47:31Z,51.490327,-0.440932,27.3
2024-11-13T17:47:32Z,51.490322,-0.440945,27.1
2024-11-13T17:47:33Z,51.490323,-0.440958,27.1
2024-11-13T17:47:34Z,51.490332,-0.440972,27.1
2024-11-13T17:47:35Z,51.490340,-0.440987,26.6
2024-11-13T17:47:36Z,51.490345,-0.440995,26.3
2024-11-13T17:47:37Z,51.490355,-0.440997,26.3
2024-11-13T17:47:38Z,51.490372,-0.440987,26.8
2024-11-13T17:47:39Z,51.490392,-0.440963,27.3
2024-11-13T17:47:40Z,51.490415,-0.440950,27.5
2024-11-13T17:47:41Z,51.490447,-0.440943,27.8
2024-11-13T17:47:42Z,51.490478,-0.440937,27.3
2024-11-13T17:47:43Z,51.490498,-0.440935,26.8
2024-11-13T17:47:44Z,51.490520,-0.440935,26.3
2024-11-13T17:47:45Z,51.490538,-0.440935,25.8
2024-11-13T17:47:46Z,51.490567,-0.440935,25.3
2024-11-13T17:47:47Z,51.490590,-0.440935,25.3
2024-11-13T17:47:48Z,51.490608,-0.440930,25.8
2024-11-13T17:47:49Z,51.490617,-0.440920,25.6
2024-11-13T17:47:50Z,51.490622,-0.440912,25.5
2024-11-13T17:47:51Z,51.490617,-0.440898,25.3
2024-11-13T17:47:52Z,51.490608,-0.440885,25.1
2024-11-13T17:47:53Z,51.490600,-0.440843,24.3
2024-11-13T17:47:54Z,51.490595,-0.440820,24.6
2024-11-13T17:47:55Z,51.490585,-0.440797,24.6
2024-11-13T17:47:56Z,51.490575,-0.440780,25.1
2024-11-13T17:47:57Z,51.490563,-0.440770,25.3
2024-11-13T17:47:58Z,51.490552,-0.440760,25.3
2024-11-13T17:47:59Z,51.490535,-0.440750,25.1
2024-11-13T17:48:00Z,51.490517,-0.440737,25.0
2024-11-13T17:48:01Z,51.490498,-0.440720,24.6
2024-11-13T17:48:02Z,51.490480,-0.440705,24.3
2024-11-13T17:48:03Z,51.490457,-0.440692,24.0
2024-11-13T17:48:04Z,51.490428,-0.440677,24.0
2024-11-13T17:48:05Z,51.490402,-0.440667,24.1
2024-11-13T17:48:06Z,51.490378,-0.440653,24.6
2024-11-13T17:48:07Z,51.490358,-0.440653,24.8
2024-11-13T17:48:08Z,51.490355,-0.440658,25.0
2024-11-13T17:48:09Z,51.490373,-0.440672,25.1
2024-11-13T17:48:10Z,51.490407,-0.440682,25.3
2024-11-13T17:48:11Z,51.490447,-0.440687,25.8
2024-11-13T17:48:12Z,51.490478,-0.440700,25.6
2024-11-13T17:48:13Z,51.490517,-0.440708,25.3
2024-11-13T17:48:14Z,51.490543,-0.440702,25.5
2024-11-13T17:48:15Z,51.490567,-0.440695,25.6
2024-11-13T17:48:16Z,51.490582,-0.440685,25.8
2024-11-13T17:48:17Z,51.490590,-0.440677,26.0
2024-11-13T17:48:18Z,51.490590,-0.440677,25.8
2024-11-13T17:48:19Z,51.490575,-0.440685,25.6
2024-11-13T17:48:20Z,51.490563,-0.440682,24.8
2024-11-13T17:48:21Z,51.490567,-0.440702,24.6
2024-11-13T17:48:22Z,51.490580,-0.440732,24.1
2024-11-13T17:48:23Z,51.490595,-0.440755,24.1
2024-11-13T17:48:24Z,51.490598,-0.440768,23.3
2024-11-13T17:48:25Z,51.490595,-0.440770,22.8
2024-11-13T17:48:26Z,51.490588,-0.440773,22.3
2024-11-13T17:48:27Z,51.490577,-0.440783,21.6
2024-11-13T17:48:28Z,51.490562,-0.440793,21.6
2024-11-13T17:48:29Z,51.490543,-0.440792,21.3
2024-11-13T17:48:30Z,51.490538,-0.440768,21.1
2024-11-13T17:48:31Z,51.490528,-0.440752,20.8
2024-11-13T17:48:32Z,51.490515,-0.440738,20.8
2024-11-13T17:48:33Z,51.490498,-0.440732,20.6
2024-11-13T17:48:34Z,51.490483,-0.440720,20.3
2024-11-13T17:48:35Z,51.490470,-0.440710,20.0
2024-11-13T17:48:36Z,51.490457,-0.440702,19.8
2024-11-13T17:48:37Z,51.490447,-0.440695,19.5
2024-11-13T17:48:38Z,51.490428,-0.440682,19.1
2024-11-13T17:48:39Z,51.490418,-0.440682,18.8
2024-11-13T17:48:40Z,51.490418,-0.440687,19.1
2024-11-13T17:48:41Z,51.490418,-0.440667,19.3
2024-11-13T17:48:42Z,51.490428,-0.440627,19.6
2024-11-13T17:48:43Z,51.490443,-0.440575,19.8
2024-11-13T17:48:44Z,51.490460,-0.440512,20.3
2024-11-13T17:48:45Z,51.490478,-0.440465,20.6
2024-11-13T17:48:46Z,51.490488,-0.440437,21.0
2024-11-13T17:48:47Z,51.490483,-0.440433,21.3
2024-11-13T17:48:48Z,51.490475,-0.440442,21.6
2024-11-13T17:48:49Z,51.490460,-0.440457,22.0
2024-11-13T17:48:50Z,51.490447,-0.440475,22.3
2024-11-13T17:48:51Z,51.490442,-0.440497,22.6
2024-11-13T17:48:52Z,51.490433,-0.440515,22.8
2024-11-13T17:48:53Z,51.490428,-0.440535,22.8
2024-11-13T17:48:54Z,51.490425,-0.440553,23.1
2024-11-13T17:48:55Z,51.490415,-0.440567,23.6
2024-11-13T17:48:56Z,51.490405,-0.440585,23.5
2024-11-13T17:48:57Z,51.490397,-0.440598,23.3
2024-11-13T17:48:58Z,51.490392,-0.440617,22.6
2024-11-13T17:48:59Z,51.490383,-0.440635,21.8
2024-11-13T17:49:00Z,51.490373,-0.440650,21.8
2024-11-13T17:49:01Z,51.490360,-0.440667,21.6
2024-11-13T17:49:02Z,51.490353,-0.440695,21.8
2024-11-13T17:49:03Z,51.490353,-0.440715,22.1
2024-11-13T17:49:04Z,51.490347,-0.440742,22.3
2024-11-13T17:49:05Z,51.490340,-0.440765,22.3
2024-11-13T17:49:06Z,51.490332,-0.440788,22.3
2024-11-13T17:49:07Z,51.490323,-0.440807,22.1
2024-11-13T17:49:08Z,51.490318,-0.440817,22.1
2024-11-13T17:49:09Z,51.490332,-0.440843,21.1
2024-11-13T17:49:10Z,51.490347,-0.440858,21.0
2024-11-13T17:49:11Z,51.490350,-0.440862,20.6
2024-11-13T17:49:12Z,51.490353,-0.440858,20.3
2024-11-13T17:49:13Z,51.490355,-0.440867,19.8
2024-11-13T17:49:14Z,51.490368,-0.440877,18.8
2024-11-13T17:49:15Z,51.490378,-0.440890,18.3
2024-11-13T17:49:16Z,51.490392,-0.440903,18.1
2024-11-13T17:49:17Z,51.490410,-0.440927,17.8
2024-11-13T17:49:18Z,51.490442,-0.440945,17.5
2024-11-13T17:49:19Z,51.490468,-0.440962,17.6
2024-11-13T17:49:20Z,51.490502,-0.440973,18.3
2024-11-13T17:49:21Z,51.490530,-0.440968,19.8
2024-11-13T17:49:22Z,51.490562,-0.440940,20.3
2024-11-13T17:49:23Z,51.490588,-0.440908,19.1
2024-11-13T17:49:24Z,51.490612,-0.440858,17.8
2024-11-13T17:49:25Z,51.490637,-0.440802,16.6
2024-11-13T17:49:26Z,51.490663,-0.440765,16.3
2024-11-13T17:49:27Z,51.490687,-0.440727,15.6
2024-11-13T17:49:28Z,51.490705,-0.440690,15.3
2024-11-13T17:49:29Z,51.490733,-0.440663,15.3
2024-11-13T17:49:30Z,51.490765,-0.440640,15.6
2024-11-13T17:49:31Z,51.490793,-0.440618,15.3
2024-11-13T17:49:32Z,51.490820,-0.440608,15.6
2024-11-13T17:49:33Z,51.490833,-0.440598,16.0
2024-11-13T17:49:34Z,51.490848,-0.440593,16.1
2024-11-13T17:49:35Z,51.490852,-0.440603,16.3
2024-11-13T17:49:36Z,51.490847,-0.440612,16.1
2024-11-13T17:49:37Z,51.490838,-0.440625,16.1
2024-11-13T17:49:38Z,51.490835,-0.440637,16.3
2024-11-13T17:49:39Z,51.490833,-0.440655,16.3
2024-11-13T17:49:40Z,51.490835,-0.440668,16.6
2024-11-13T17:49:41Z,51.490838,-0.440678,16.6
2024-11-13T17:49:42Z,51.490843,-0.440687,17.1
2024-11-13T17:49:43Z,51.490847,-0.440692,17.8
2024-11-13T17:49:44Z,51.490838,-0.440702,18.1
2024-11-13T17:49:45Z,51.490830,-0.440705,18.3
2024-11-13T17:49:46Z,51.490820,-0.440710,18.1
2024-11-13T17:49:47Z,51.490815,-0.440715,19.1
2024-11-13T17:49:48Z,51.490820,-0.440723,20.3
2024-11-13T17:49:49Z,51.490823,-0.440728,19.8
2024-11-13T17:49:50Z,51.490810,-0.440733,19.8
2024-11-13T17:49:51Z,51.490797,-0.440742,19.8
2024-11-13T17:49:52Z,51.490792,-0.440755,19.8
2024-11-13T17:49:53Z,51.490783,-0.440770,19.6
2024-11-13T17:49:54Z,51.490773,-0.440792,19.1
2024-11-13T17:49:55Z,51.490763,-0.440792,19.6
2024-11-13T17:49:56Z,51.490755,-0.440792,19.6
2024-11-13T17:49:57Z,51.490747,-0.440788,19.8
2024-11-13T17:49:58Z,51.490742,-0.440775,20.3
2024-11-13T17:49:59Z,51.490742,-0.440757,20.8
2024-11-13T17:50:00Z,51.490742,-0.440745,21.6
2024-11-13T17:50:01Z,51.490747,-0.440738,21.8
2024-11-13T17:50:02Z,51.490742,-0.440742,21.3
2024-11-13T17:50:03Z,51.490737,-0.440787,20.6
2024-11-13T17:50:04Z,51.490733,-0.440838,20.1
2024-11-13T17:50:05Z,51.490728,-0.440880,20.1
2024-11-13T17:50:06Z,51.490718,-0.440932,19.6
2024-11-13T17:50:07Z,51.490713,-0.440995,19.3
2024-11-13T17:50:08Z,51.490710,-0.441060,19.3
2024-11-13T17:50:09Z,51.490705,-0.441125,19.5
2024-11-13T17:50:10Z,51.490710,-0.441188,19.5
2024-11-13T17:50:11Z,51.490718,-0.441243,19.5
2024-11-13T17:50:12Z,51.490723,-0.441293,19.8
2024-11-13T17:50:13Z,51.490732,-0.441327,20.0
2024-11-13T17:50:14Z,51.490732,-0.441347,19.6
2024-11-13T17:50:15Z,51.490732,-0.441368,19.5
2024-11-13T17:50:16Z,51.490737,-0.441392,19.3
2024-11-13T17:50:17Z,51.490742,-0.441395,19.8
2024-11-13T17:50:18Z,51.490742,-0.441387,19.8
2024-11-13T17:50:19Z,51.490747,-0.441388,19.3
2024-11-13T17:50:20Z,51.490747,-0.441382,19.0
2024-11-13T17:50:21Z,51.490752,-0.441342,18.5
2024-11-13T17:50:22Z,51.490755,-0.441328,18.5
2024-11-13T17:50:23Z,51.490755,-0.441308,18.3
2024-11-13T17:50:24Z,51.490750,-0.441293,18.6
2024-11-13T17:50:25Z,51.490747,-0.441295,18.8
2024-11-13T17:50:26Z,51.490747,-0.441293,18.6
2024-11-13T17:50:27Z,51.490745,-0.441290,18.6
2024-11-13T17:50:28Z,51.490747,-0.441285,18.8
2024-11-13T17:50:29Z,51.490747,-0.441272,19.1
2024-11-13T17:50:30Z,51.490747,-0.441263,19.1
2024-11-13T17:50:31Z,51.490745,-0.441248,19.0
2024-11-13T17:50:32Z,51.490732,-0.441243,19.0
2024-11-13T17:50:33Z,51.490718,-0.441243,19.1
2024-11-13T17:50:34Z,51.490710,-0.441253,19.8
2024-11-13T17:50:35Z,51.490705,-0.441272,20.6
2024-11-13T17:50:36Z,51.490708,-0.441287,20.6
2024-11-13T17:50:37Z,51.490700,-0.441318,20.1
2024-11-13T17:50:38Z,51.490700,-0.441327,19.3
2024-11-13T17:50:39Z,51.490702,-0.441327,19.6
2024-11-13T17:50:40Z,51.490700,-0.441323,19.6
2024-11-13T17:50:41Z,51.490697,-0.441317,19.6
2024-11-13T17:50:42Z,51.490690,-0.441293,20.1
2024-11-13T17:50:43Z,51.490678,-0.441277,20.1
2024-11-13T17:50:44Z,51.490672,-0.441272,20.1
2024-11-13T17:50:45Z,51.490658,-0.441267,19.8
2024-11-13T17:50:46Z,51.490655,-0.441267,20.0
2024-11-13T17:50:47Z,51.490668,-0.441272,20.3
2024-11-13T17:50:48Z,51.490682,-0.441285,20.8
2024-11-13T17:50:49Z,51.490685,-0.441295,20.8
2024-11-13T17:50:50Z,51.490687,-0.441308,20.8
2024-11-13T17:50:51Z,51.490687,-0.441317,21.1
2024-11-13T17:50:52Z,51.490690,-0.441313,20.8
2024-11-13T17:50:53Z,51.490692,-0.441318,20.1
2024-11-13T17:50:54Z,51.490695,-0.441323,19.8
2024-11-13T17:50:55Z,51.490700,-0.441332,19.5
2024-11-13T17:50:56Z,51.490705,-0.441335,19.1
2024-11-13T17:50:57Z,51.490705,-0.441335,19.1
2024-11-13T17:50:58Z,51.490705,-0.441335,19.1
2024-11-13T17:50:59Z,51.490705,-0.441335,19.1
2024-11-13T17:51:00Z,51.490705,-0.441335,19.1
2024-11-13T17:51:01Z,51.490705,-0.441335,19.1
2024-11-13T17:51:02Z,51.490705,-0.441335,19.1
2024-11-13T17:51:03Z,51.490705,-0.441335,19.1
2024-11-13T17:51:04Z,51.490705,-0.441335,19.1
2024-11-13T17:51:05Z,51.490705,-0.441335,19.1
2024-11-13T17:51:07Z,51.490705,-0.441335,19.1
2024-11-13T17:51:08Z,51.490705,-0.441335,19.1
2024-11-13T17:51:09Z,51.490705,-0.441335,19.1
2024-11-13T17:51:10Z,51.490705,-0.441332,19.1
2024-11-13T17:51:11Z,51.490705,-0.441332,19.1
2024-11-13T17:51:12Z,51.490705,-0.441332,19.1
2024-11-13T17:51:13Z,51.490700,-0.441332,19.0
2024-11-13T17:51:14Z,51.490700,-0.441327,19.0
2024-11-13T17:51:15Z,51.490695,-0.441323,18.8
2024-11-13T17:51:16Z,51.490695,-0.441322,18.1
2024-11-13T17:51:17Z,51.490695,-0.441318,17.6
2024-11-13T17:51:18Z,51.490695,-0.441318,17.6
2024-11-13T17:51:19Z,51.490695,-0.441318,17.5
2024-11-13T17:51:20Z,51.490695,-0.441318,17.3
2024-11-13T17:51:21Z,51.490695,-0.441318,17.3
2024-11-13T17:51:22Z,51.490695,-0.441318,17.3
2024-11-13T17:51:23Z,51.490695,-0.441317,17.3
2024-11-13T17:51:24Z,51.490695,-0.441313,17.3
2024-11-13T17:51:25Z,51.490695,-0.441313,17.6
2024-11-13T17:51:26Z,51.490685,-0.441305,16.8
2024-11-13T17:51:27Z,51.490685,-0.441308,16.6
2024-11-13T17:51:28Z,51.490692,-0.441313,16.8
2024-11-13T17:51:29Z,51.490700,-0.441322,16.8
2024-11-13T17:51:30Z,51.490705,-0.441328,16.6
2024-11-13T17:51:31Z,51.490708,-0.441332,16.8
2024-11-13T17:51:32Z,51.490713,-0.441332,17.0
2024-11-13T17:51:33Z,51.490718,-0.441335,17.5
2024-11-13T17:51:34Z,51.490723,-0.441337,18.1
2024-11-13T17:51:35Z,51.490728,-0.441337,18.6
2024-11-13T17:51:36Z,51.490732,-0.441337,19.1
2024-11-13T17:51:37Z,51.490738,-0.441337,19.6
2024-11-13T17:51:38Z,51.490745,-0.441337,20.0
2024-11-13T17:51:39Z,51.490750,-0.441335,20.5
2024-11-13T17:51:40Z,51.490752,-0.441335,20.8
2024-11-13T17:51:41Z,51.490752,-0.441335,21.1
2024-11-13T17:51:42Z,51.490752,-0.441342,21.3
2024-11-13T17:51:43Z,51.490755,-0.441350,21.6
2024-11-13T17:51:44Z,51.490755,-0.441350,21.8
2024-11-13T17:51:45Z,51.490760,-0.441355,21.6
2024-11-13T17:51:46Z,51.490755,-0.441345,21.5
2024-11-13T17:51:47Z,51.490750,-0.441342,21.1
2024-11-13T17:51:48Z,51.490747,-0.441337,21.3
2024-11-13T17:51:49Z,51.490745,-0.441335,21.6
2024-11-13T17:51:50Z,51.490747,-0.441337,22.3
2024-11-13T17:51:51Z,51.490747,-0.441342,23.0
2024-11-13T17:51:52Z,51.490747,-0.441342,23.5
2024-11-13T17:51:53Z,51.490742,-0.441342,23.6
2024-11-13T17:51:54Z,51.490732,-0.441342,23.5
2024-11-13T17:51:55Z,51.490723,-0.441342,23.3
2024-11-13T17:51:56Z,51.490728,-0.441342,23.6
2024-11-13T17:51:57Z,51.490728,-0.441342,25.0
2024-11-13T17:51:58Z,51.490732,-0.441345,26.0
2024-11-13T17:51:59Z,51.490732,-0.441342,26.3
2024-11-13T17:52:00Z,51.490732,-0.441342,25.6
2024-11-13T17:52:01Z,51.490728,-0.441337,25.3
2024-11-13T17:52:02Z,51.490720,-0.441332,24.8
2024-11-13T17:52:03Z,51.490710,-0.441337,24.3
2024-11-13T17:52:04Z,51.490702,-0.441335,23.8
2024-11-13T17:52:05Z,51.490700,-0.441337,23.6
2024-11-13T17:52:06Z,51.490695,-0.441332,23.6
2024-11-13T17:52:07Z,51.490695,-0.441327,23.8
2024-11-13T17:52:08Z,51.490695,-0.441323,24.1
2024-11-13T17:52:09Z,51.490700,-0.441317,24.8
2024-11-13T17:52:10Z,51.490705,-0.441318,24.8
2024-11-13T17:52:11Z,51.490705,-0.441318,25.1
2024-11-13T17:52:12Z,51.490700,-0.441323,25.3
2024-11-13T17:52:13Z,51.490700,-0.441322,24.8
2024-11-13T17:52:14Z,51.490700,-0.441327,24.8
2024-11-13T17:52:15Z,51.490700,-0.441322,25.1
2024-11-13T17:52:16Z,51.490713,-0.441318,25.8
2024-11-13T17:52:17Z,51.490723,-0.441313,26.6
2024-11-13T17:52:18Z,51.490737,-0.441308,27.8
2024-11-13T17:52:19Z,51.490747,-0.441303,29.1
2024-11-13T17:52:20Z,51.490742,-0.441298,29.8
2024-11-13T17:52:21Z,51.490732,-0.441290,29.3
2024-11-13T17:52:22Z,51.490723,-0.441285,29.0
2024-11-13T17:52:23Z,51.490723,-0.441282,28.5
2024-11-13T17:52:24Z,51.490720,-0.441272,28.3
2024-11-13T17:52:25Z,51.490718,-0.441253,28.3
2024-11-13T17:52:26Z,51.490708,-0.441208,27.5
2024-11-13T17:52:27Z,51.490702,-0.441157,27.1
2024-11-13T17:52:28Z,51.490713,-0.441110,28.0
2024-11-13T17:52:29Z,51.490742,-0.441065,28.1
2024-11-13T17:52:30Z,51.490760,-0.441063,28.0
2024-11-13T17:52:31Z,51.490778,-0.441078,27.6
2024-11-13T17:52:32Z,51.490797,-0.441097,27.3
2024-11-13T17:52:33Z,51.490825,-0.441097,27.1
2024-11-13T17:52:34Z,51.490848,-0.441087,26.6
2024-11-13T17:52:35Z,51.490862,-0.441065,26.0
2024-11-13T17:52:36Z,51.490872,-0.441047,25.8
2024-11-13T17:52:37Z,51.490877,-0.441033,25.8
2024-11-13T17:52:38Z,51.490885,-0.441023,26.6
2024-11-13T17:52:39Z,51.490885,-0.441013,27.6
2024-11-13T17:52:40Z,51.490885,-0.441005,27.6
2024-11-13T17:52:41Z,51.490877,-0.441003,27.6
2024-11-13T17:52:42Z,51.490870,-0.440992,27.8
2024-11-13T17:52:43Z,51.490858,-0.440985,27.8
2024-11-13T17:52:44Z,51.490842,-0.440967,27.3
2024-11-13T17:52:45Z,51.490830,-0.440945,26.8
2024-11-13T17:52:46Z,51.490812,-0.440920,26.1
2024-11-13T17:52:47Z,51.490792,-0.440888,26.1
2024-11-13T17:52:48Z,51.490773,-0.440865,26.3
2024-11-13T17:52:49Z,51.490763,-0.440838,26.8
2024-11-13T17:52:50Z,51.490755,-0.440812,27.1
2024-11-13T17:52:51Z,51.490750,-0.440788,27.1
2024-11-13T17:52:52Z,51.490742,-0.440755,27.3
2024-11-13T17:52:53Z,51.490733,-0.440720,27.6
2024-11-13T17:52:54Z,51.490737,-0.440697,27.8
2024-11-13T17:52:55Z,51.490732,-0.440687,28.1
2024-11-13T17:52:56Z,51.490732,-0.440687,28.1
2024-11-13T17:52:57Z,51.490728,-0.440700,27.6
2024-11-13T17:52:58Z,51.490738,-0.440723,26.8
2024-11-13T17:52:59Z,51.490747,-0.440737,26.6
2024-11-13T17:53:00Z,51.490747,-0.440747,26.6
2024-11-13T17:53:01Z,51.490752,-0.440755,26.1
2024-11-13T17:53:02Z,51.490755,-0.440745,26.1
2024-11-13T17:53:03Z,51.490755,-0.440742,25.8
2024-11-13T17:53:04Z,51.490757,-0.440728,25.1
2024-11-13T17:53:05Z,51.490755,-0.440718,24.6
2024-11-13T17:53:06Z,51.490752,-0.440710,24.3
2024-11-13T17:53:07Z,51.490755,-0.440697,24.6
2024-11-13T17:53:08Z,51.490755,-0.440682,24.3
2024-11-13T17:53:09Z,51.490752,-0.440668,24.0
2024-11-13T17:53:10Z,51.490747,-0.440653,23.5
2024-11-13T17:53:11Z,51.490747,-0.440645,23.1
2024-11-13T17:53:12Z,51.490752,-0.440632,23.0
2024-11-13T17:53:13Z,51.490757,-0.440613,22.8
2024-11-13T17:53:14Z,51.490773,-0.440585,23.1
2024-11-13T17:53:15Z,51.490775,-0.440567,23.1
2024-11-13T17:53:16Z,51.490780,-0.440558,23.1
2024-11-13T17:53:17Z,51.490787,-0.440562,23.1
2024-11-13T17:53:18Z,51.490792,-0.440572,23.0
2024-11-13T17:53:19Z,51.490798,-0.440580,23.0
2024-11-13T17:53:20Z,51.490812,-0.440598,23.1
2024-11-13T17:53:21Z,51.490820,-0.440617,23.3
2024-11-13T17:53:22Z,51.490825,-0.440627,23.1
2024-11-13T17:53:23Z,51.490830,-0.440645,23.5
2024-11-13T17:53:24Z,51.490838,-0.440660,23.6
2024-11-13T17:53:25Z,51.490847,-0.440668,24.1
2024-11-13T17:53:26Z,51.490857,-0.440678,24.6
2024-11-13T17:53:27Z,51.490862,-0.440682,25.1
2024-11-13T17:53:28Z,51.490872,-0.440685,24.6
2024-11-13T17:53:29Z,51.490880,-0.440682,24.0
2024-11-13T17:53:30Z,51.490885,-0.440673,23.8
2024-11-13T17:53:31Z,51.490890,-0.440668,23.8
2024-11-13T17:53:32Z,51.490893,-0.440663,23.6
2024-11-13T17:53:33Z,51.490893,-0.440667,23.6
2024-11-13T17:53:34Z,51.490898,-0.440673,24.1
2024-11-13T17:53:35Z,51.490902,-0.440678,24.5
2024-11-13T17:53:36Z,51.490903,-0.440695,24.3
2024-11-13T17:53:37Z,51.490903,-0.440713,24.8
2024-11-13T17:53:38Z,51.490903,-0.440723,25.1
2024-11-13T17:53:39Z,51.490893,-0.440732,25.1
2024-11-13T17:53:40Z,51.490877,-0.440742,25.8
2024-11-13T17:53:41Z,51.490862,-0.440760,26.1
2024-11-13T17:53:42Z,51.490852,-0.440765,26.6
2024-11-13T17:53:43Z,51.490838,-0.440773,26.6
2024-11-13T17:53:44Z,51.490830,-0.440787,26.3
2024-11-13T17:53:45Z,51.490817,-0.440802,26.6
2024-11-13T17:53:46Z,51.490807,-0.440807,27.3
2024-11-13T17:53:47Z,51.490792,-0.440810,27.5
2024-11-13T17:53:48Z,51.490788,-0.440807,27.1
2024-11-13T17:53:49Z,51.490778,-0.440812,27.1
2024-11-13T17:53:50Z,51.490778,-0.440815,27.0
2024-11-13T17:53:51Z,51.490778,-0.440823,26.0
2024-11-13T17:53:52Z,51.490787,-0.440823,24.8
2024-11-13T17:53:53Z,51.490787,-0.440820,24.3
2024-11-13T17:53:54Z,51.490778,-0.440830,23.6
2024-11-13T17:53:55Z,51.490778,-0.440842,23.5
2024-11-13T17:53:56Z,51.490775,-0.440852,23.5
2024-11-13T17:53:57Z,51.490780,-0.440858,23.3
2024-11-13T17:53:58Z,51.490787,-0.440862,23.8
2024-11-13T17:53:59Z,51.490773,-0.440857,23.8
2024-11-13T17:54:00Z,51.490760,-0.440838,23.3
2024-11-13T17:54:01Z,51.490752,-0.440815,23.1
2024-11-13T17:54:02Z,51.490737,-0.440783,23.1
2024-11-13T17:54:03Z,51.490727,-0.440742,23.5
2024-11-13T17:54:04Z,51.490718,-0.440702,23.3
2024-11-13T17:54:05Z,51.490727,-0.440677,23.3
2024-11-13T17:54:06Z,51.490732,-0.440645,23.0
2024-11-13T17:54:07Z,51.490732,-0.440627,22.6
2024-11-13T17:54:08Z,51.490732,-0.440593,22.1
2024-11-13T17:54:09Z,51.490732,-0.440557,22.1
2024-11-13T17:54:10Z,51.490760,-0.440512,22.3
2024-11-13T17:54:11Z,51.490780,-0.440483,22.6
2024-11-13T17:54:12Z,51.490793,-0.440483,22.6
2024-11-13T17:54:13Z,51.490797,-0.440498,23.1
2024-11-13T17:54:14Z,51.490797,-0.440517,23.8
2024-11-13T17:54:15Z,51.490793,-0.440525,23.0
2024-11-13T17:54:16Z,51.490787,-0.440543,22.1
2024-11-13T17:54:17Z,51.490778,-0.440563,20.8
2024-11-13T17:54:18Z,51.490770,-0.440595,19.8
2024-11-13T17:54:19Z,51.490755,-0.440630,18.5
2024-11-13T17:54:20Z,51.490745,-0.440650,18.1
2024-11-13T17:54:21Z,51.490723,-0.440673,17.3
2024-11-13T17:54:22Z,51.490690,-0.440695,16.8
2024-11-13T17:54:23Z,51.490653,-0.440713,16.3
2024-11-13T17:54:24Z,51.490625,-0.440728,16.1
2024-11-13T17:54:25Z,51.490603,-0.440742,15.3
2024-11-13T17:54:26Z,51.490582,-0.440750,14.6
2024-11-13T17:54:27Z,51.490572,-0.440760,14.1
2024-11-13T17:54:28Z,51.490562,-0.440770,14.5
2024-11-13T17:54:29Z,51.490547,-0.440773,14.8
2024-11-13T17:54:30Z,51.490535,-0.440775,15.1
2024-11-13T17:54:31Z,51.490520,-0.440773,15.1
2024-11-13T17:54:32Z,51.490512,-0.440768,14.8
2024-11-13T17:54:33Z,51.490510,-0.440765,14.6
2024-11-13T17:54:34Z,51.490507,-0.440760,14.5
2024-11-13T17:54:35Z,51.490515,-0.440768,14.6
2024-11-13T17:54:36Z,51.490525,-0.440792,14.0
2024-11-13T17:54:37Z,51.490547,-0.440812,13.8
2024-11-13T17:54:38Z,51.490558,-0.440815,13.6
2024-11-13T17:54:39Z,51.490575,-0.440810,13.6
2024-11-13T17:54:40Z,51.490588,-0.440793,13.6
2024-11-13T17:54:41Z,51.490612,-0.440787,13.8
2024-11-13T17:54:42Z,51.490632,-0.440765,13.3
2024-11-13T17:54:43Z,51.490655,-0.440745,14.3
2024-11-13T17:54:44Z,51.490668,-0.440720,13.8
2024-11-13T17:54:45Z,51.490660,-0.440705,14.1
2024-11-13T17:54:46Z,51.490640,-0.440692,13.8
2024-11-13T17:54:47Z,51.490622,-0.440682,13.6
2024-11-13T17:54:48Z,51.490590,-0.440655,14.6
2024-11-13T17:54:49Z,51.490562,-0.440627,15.8
2024-11-13T17:54:50Z,51.490530,-0.440608,17.1
2024-11-13T17:54:51Z,51.490512,-0.440603,18.3
2024-11-13T17:54:52Z,51.490488,-0.440590,18.3
2024-11-13T17:54:53Z,51.490475,-0.440585,17.6
2024-11-13T17:54:54Z,51.490468,-0.440577,18.3
2024-11-13T17:54:55Z,51.490468,-0.440582,18.1
2024-11-13T17:54:56Z,51.490473,-0.440590,17.6
2024-11-13T17:54:57Z,51.490480,-0.440595,17.3
2024-11-13T17:54:58Z,51.490478,-0.440595,16.8
2024-11-13T17:54:59Z,51.490478,-0.440608,16.8
2024-11-13T17:55:00Z,51.490475,-0.440622,16.8
2024-11-13T17:55:01Z,51.490470,-0.440640,17.0
2024-11-13T17:55:02Z,51.490460,-0.440660,17.3
2024-11-13T17:55:03Z,51.490460,-0.440668,17.3
2024-11-13T17:55:04Z,51.490450,-0.440687,17.6
2024-11-13T17:55:05Z,51.490455,-0.440708,17.8
2024-11-13T17:55:06Z,51.490460,-0.440745,18.0
2024-11-13T17:55:07Z,51.490462,-0.440775,18.1
2024-11-13T17:55:08Z,51.490468,-0.440807,18.1
2024-11-13T17:55:09Z,51.490478,-0.440830,17.3
2024-11-13T17:55:10Z,51.490502,-0.440820,17.1
2024-11-13T17:55:11Z,51.490525,-0.440825,18.3
2024-11-13T17:55:12Z,51.490547,-0.440833,19.3
2024-11-13T17:55:13Z,51.490580,-0.440848,20.6
2024-11-13T17:55:14Z,51.490613,-0.440867,21.8
2024-11-13T17:55:15Z,51.490642,-0.440885,22.6
2024-11-13T17:55:16Z,51.490663,-0.440893,23.8
2024-11-13T17:55:17Z,51.490685,-0.440893,25.3
2024-11-13T17:55:18Z,51.490700,-0.440895,25.8
2024-11-13T17:55:19Z,51.490708,-0.440893,25.6
2024-11-13T17:55:20Z,51.490715,-0.440902,25.6
2024-11-13T17:55:21Z,51.490727,-0.440898,25.3
2024-11-13T17:55:22Z,51.490727,-0.440875,25.3
2024-11-13T17:55:23Z,51.490718,-0.440833,25.3
2024-11-13T17:55:24Z,51.490710,-0.440810,25.1
2024-11-13T17:55:25Z,51.490705,-0.440792,24.6
2024-11-13T17:55:26Z,51.490705,-0.440783,24.1
2024-11-13T17:55:27Z,51.490710,-0.440783,24.1
2024-11-13T17:55:28Z,51.490723,-0.440797,24.1
2024-11-13T17:55:29Z,51.490732,-0.440815,23.6
2024-11-13T17:55:30Z,51.490742,-0.440830,23.3
2024-11-13T17:55:31Z,51.490752,-0.440852,23.0
2024-11-13T17:55:32Z,51.490755,-0.440862,23.1
2024-11-13T17:55:33Z,51.490747,-0.440857,22.6
2024-11-13T17:55:34Z,51.490738,-0.440843,22.5
2024-11-13T17:55:35Z,51.490733,-0.440825,21.5
2024-11-13T17:55:36Z,51.490728,-0.440807,20.5
2024-11-13T17:55:37Z,51.490720,-0.440775,19.6
2024-11-13T17:55:38Z,51.490708,-0.440747,18.8
2024-11-13T17:55:39Z,51.490697,-0.440727,18.1
2024-11-13T17:55:40Z,51.490668,-0.440697,17.6
2024-11-13T17:55:41Z,51.490650,-0.440673,18.0
2024-11-13T17:55:42Z,51.490640,-0.440655,18.1
2024-11-13T17:55:43Z,51.490635,-0.440650,18.1
2024-11-13T17:55:44Z,51.490627,-0.440648,17.6
2024-11-13T17:55:45Z,51.490618,-0.440650,17.8
2024-11-13T17:55:46Z,51.490600,-0.440653,18.3
2024-11-13T17:55:47Z,51.490580,-0.440650,17.3
2024-11-13T17:55:48Z,51.490557,-0.440645,17.3
2024-11-13T17:55:49Z,51.490535,-0.440645,15.6
2024-11-13T17:55:50Z,51.490520,-0.440655,14.3
2024-11-13T17:55:51Z,51.490510,-0.440658,14.1
2024-11-13T17:55:52Z,51.490502,-0.440655,14.0
2024-11-13T17:55:53Z,51.490492,-0.440645,13.6
2024-11-13T17:55:54Z,51.490488,-0.440640,13.1
2024-11-13T17:55:55Z,51.490493,-0.440632,12.799
2024-11-13T17:55:56Z,51.490497,-0.440632,12.6
2024-11-13T17:55:57Z,51.490507,-0.440640,13.299
2024-11-13T17:55:58Z,51.490512,-0.440645,14.1
2024-11-13T17:55:59Z,51.490520,-0.440645,14.299
2024-11-13T17:56:00Z,51.490525,-0.440632,14.299
2024-11-13T17:56:01Z,51.490533,-0.440608,14.299
2024-11-13T17:56:02Z,51.490548,-0.440588,13.6
2024-11-13T17:56:03Z,51.490562,-0.440575,13.5
2024-11-13T17:56:04Z,51.490580,-0.440563,13.3
2024-11-13T17:56:05Z,51.490598,-0.440553,12.6
2024-11-13T17:56:06Z,51.490618,-0.440540,12.6
2024-11-13T17:56:07Z,51.490635,-0.440543,12.6
2024-11-13T17:56:08Z,51.490653,-0.440538,12.8
2024-11-13T17:56:09Z,51.490673,-0.440535,13.1
2024-11-13T17:56:10Z,51.490685,-0.440530,13.3
2024-11-13T17:56:11Z,51.490695,-0.440530,13.8
2024-11-13T17:56:12Z,51.490697,-0.440530,13.8
2024-11-13T17:56:13Z,51.490697,-0.440530,13.8
2024-11-13T17:56:14Z,51.490700,-0.440530,13.8
2024-11-13T17:56:15Z,51.490702,-0.440533,14.1
2024-11-13T17:56:16Z,51.490715,-0.440543,13.3
2024-11-13T17:56:17Z,51.490723,-0.440548,12.6
2024-11-13T17:56:18Z,51.490728,-0.440552,12.1
2024-11-13T17:56:19Z,51.490732,-0.440557,12.3
2024-11-13T17:56:20Z,51.490737,-0.440557,12.6
2024-11-13T17:56:21Z,51.490742,-0.440557,12.6
2024-11-13T17:56:22Z,51.490747,-0.440567,12.799
2024-11-13T17:56:23Z,51.490757,-0.440580,13.299
2024-11-13T17:56:24Z,51.490773,-0.440608,13.299
2024-11-13T17:56:25Z,51.490770,-0.440635,13.299
2024-11-13T17:56:26Z,51.490773,-0.440655,12.999
2024-11-13T17:56:27Z,51.490775,-0.440663,12.799
2024-11-13T17:56:28Z,51.490770,-0.440660,12.799
2024-11-13T17:56:29Z,51.490770,-0.440653,12.8
2024-11-13T17:56:30Z,51.490765,-0.440642,13.5
2024-11-13T17:56:31Z,51.490742,-0.440635,13.5
2024-11-13T17:56:32Z,51.490713,-0.440622,13.8
2024-11-13T17:56:33Z,51.490692,-0.440608,14.3
2024-11-13T17:56:34Z,51.490678,-0.440600,14.6
2024-11-13T17:56:35Z,51.490668,-0.440595,15.1
2024-11-13T17:56:36Z,51.490650,-0.440595,15.6
2024-11-13T17:56:37Z,51.490637,-0.440598,16.1
2024-11-13T17:56:38Z,51.490627,-0.440607,16.6
2024-11-13T17:56:39Z,51.490622,-0.440607,16.8
2024-11-13T17:56:41Z,51.490598,-0.440608,15.8
2024-11-13T17:56:42Z,51.490575,-0.440608,15.6
2024-11-13T17:56:43Z,51.490548,-0.440598,15.1
2024-11-13T17:56:44Z,51.490530,-0.440595,14.5
2024-11-13T17:56:45Z,51.490507,-0.440603,13.5
2024-11-13T17:56:46Z,51.490493,-0.440613,13.3
2024-11-13T17:56:47Z,51.490483,-0.440622,14.0
2024-11-13T17:56:48Z,51.490488,-0.440625,14.5
2024-11-13T17:56:49Z,51.490493,-0.440627,14.3
2024-11-13T17:56:50Z,51.490493,-0.440625,13.3
2024-11-13T17:56:51Z,51.490485,-0.440630,13.6
2024-11-13T17:56:52Z,51.490480,-0.440637,14.0
2024-11-13T17:56:53Z,51.490468,-0.440637,13.6
2024-11-13T17:56:54Z,51.490452,-0.440632,13.3
2024-11-13T17:56:55Z,51.490432,-0.440625,13.3
2024-11-13T17:56:56Z,51.490407,-0.440613,13.1
2024-11-13T17:56:57Z,51.490382,-0.440603,13.1
2024-11-13T17:56:58Z,51.490358,-0.440607,13.1
2024-11-13T17:56:59Z,51.490340,-0.440608,12.8
2024-11-13T17:57:00Z,51.490332,-0.440608,13.0
2024-11-13T17:57:01Z,51.490335,-0.440603,12.6
2024-11-13T17:57:02Z,51.490345,-0.440585,12.5
2024-11-13T17:57:03Z,51.490340,-0.440562,12.1
2024-11-13T17:57:04Z,51.490322,-0.440530,11.299
2024-11-13T17:57:05Z,51.490317,-0.440517,10.799
2024-11-13T17:57:06Z,51.490318,-0.440520,10.299
2024-11-13T17:57:07Z,51.490332,-0.440525,9.799
2024-11-13T17:57:08Z,51.490372,-0.440528,9.8
2024-11-13T17:57:09Z,51.490407,-0.440538,9.6
2024-11-13T17:57:10Z,51.490452,-0.440553,9.3
2024-11-13T17:57:11Z,51.490502,-0.440562,9.3
2024-11-13T17:57:12Z,51.490538,-0.440567,9.6
2024-11-13T17:57:13Z,51.490575,-0.440577,9.6
2024-11-13T17:57:14Z,51.490598,-0.440588,9.3
2024-11-13T17:57:15Z,51.490612,-0.440607,9.3
2024-11-13T17:57:16Z,51.490622,-0.440627,9.6
2024-11-13T17:57:17Z,51.490640,-0.440650,10.0
2024-11-13T17:57:18Z,51.490660,-0.440677,9.8
2024-11-13T17:57:19Z,51.490673,-0.440695,9.8
2024-11-13T17:57:20Z,51.490678,-0.440718,10.0
2024-11-13T17:57:21Z,51.490677,-0.440742,10.8
2024-11-13T17:57:22Z,51.490682,-0.440757,10.8
2024-11-13T17:57:23Z,51.490685,-0.440755,11.3
2024-11-13T17:57:24Z,51.490687,-0.440752,11.6
2024-11-13T17:57:25Z,51.490687,-0.440742,12.8
2024-11-13T17:57:26Z,51.490677,-0.440742,13.8
2024-11-13T17:57:27Z,51.490663,-0.440747,14.1
2024-11-13T17:57:28Z,51.490653,-0.440760,14.0
2024-11-13T17:57:29Z,51.490648,-0.440770,13.6
2024-11-13T17:57:30Z,51.490640,-0.440775,12.8
2024-11-13T17:57:31Z,51.490645,-0.440792,12.3
2024-11-13T17:57:32Z,51.490668,-0.440797,13.3
2024-11-13T17:57:33Z,51.490682,-0.440797,14.1
2024-11-13T17:57:34Z,51.490687,-0.440775,13.6
2024-11-13T17:57:35Z,51.490685,-0.440750,13.5
2024-11-13T17:57:36Z,51.490668,-0.440702,13.1
2024-11-13T17:57:37Z,51.490653,-0.440668,12.799
2024-11-13T17:57:38Z,51.490637,-0.440655,12.1
2024-11-13T17:57:39Z,51.490617,-0.440640,12.1
2024-11-13T17:57:40Z,51.490595,-0.440635,12.6
2024-11-13T17:57:41Z,51.490590,-0.440645,12.6
2024-11-13T17:57:42Z,51.490595,-0.440668,12.6
2024-11-13T17:57:43Z,51.490598,-0.440697,13.0
2024-11-13T17:57:44Z,51.490598,-0.440720,13.3
2024-11-13T17:57:45Z,51.490600,-0.440733,13.8
2024-11-13T17:57:46Z,51.490598,-0.440750,14.3
2024-11-13T17:57:47Z,51.490595,-0.440770,14.8
2024-11-13T17:57:48Z,51.490590,-0.440778,14.8
2024-11-13T17:57:49Z,51.490580,-0.440780,14.8
2024-11-13T17:57:50Z,51.490563,-0.440773,15.1
2024-11-13T17:57:51Z,51.490530,-0.440765,14.5
2024-11-13T17:57:52Z,51.490515,-0.440770,14.3
2024-11-13T17:57:53Z,51.490510,-0.440783,14.5
2024-11-13T17:57:54Z,51.490510,-0.440802,14.1
2024-11-13T17:57:55Z,51.490515,-0.440820,13.6
2024-11-13T17:57:56Z,51.490515,-0.440828,13.299
2024-11-13T17:57:57Z,51.490512,-0.440830,13.299
2024-11-13T17:57:58Z,51.490515,-0.440842,13.299
2024-11-13T17:57:59Z,51.490528,-0.440833,12.999
2024-11-13T17:58:00Z,51.490543,-0.440825,12.999
2024-11-13T17:58:01Z,51.490562,-0.440810,13.099
2024-11-13T17:58:02Z,51.490580,-0.440773,13.3
2024-11-13T17:58:03Z,51.490593,-0.440728,13.3
2024-11-13T17:58:04Z,51.490608,-0.440687,13.1
2024-11-13T17:58:05Z,51.490630,-0.440668,13.3
2024-11-13T17:58:06Z,51.490650,-0.440677,13.5
2024-11-13T17:58:07Z,51.490663,-0.440695,13.5
2024-11-13T17:58:08Z,51.490685,-0.440728,13.8
2024-11-13T17:58:09Z,51.490692,-0.440770,14.6
2024-11-13T17:58:10Z,51.490705,-0.440815,14.8
2024-11-13T17:58:11Z,51.490713,-0.440847,14.8
2024-11-13T17:58:12Z,51.490732,-0.440867,14.3
2024-11-13T17:58:13Z,51.490760,-0.440858,13.8
2024-11-13T17:58:14Z,51.490792,-0.440842,13.3
2024-11-13T17:58:15Z,51.490830,-0.440812,13.1
2024-11-13T17:58:16Z,51.490847,-0.440765,13.0
2024-11-13T17:58:17Z,51.490862,-0.440728,13.1
2024-11-13T17:58:18Z,51.490880,-0.440702,13.6
2024-11-13T17:58:19Z,51.490893,-0.440687,14.3
2024-11-13T17:58:20Z,51.490902,-0.440682,14.8
2024-11-13T17:58:21Z,51.490903,-0.440687,15.1
2024-11-13T17:58:22Z,51.490902,-0.440692,15.5
2024-11-13T17:58:23Z,51.490890,-0.440695,15.6
2024-11-13T17:58:24Z,51.490877,-0.440700,15.6
2024-11-13T17:58:25Z,51.490870,-0.440710,16.3
2024-11-13T17:58:26Z,51.490862,-0.440713,17.0
2024-11-13T17:58:27Z,51.490843,-0.440720,18.0
2024-11-13T17:58:28Z,51.490830,-0.440723,18.8
2024-11-13T17:58:29Z,51.490815,-0.440728,19.0
2024-11-13T17:58:30Z,51.490807,-0.440728,18.6
2024-11-13T17:58:31Z,51.490807,-0.440728,18.6
2024-11-13T17:58:32Z,51.490792,-0.440705,18.5
2024-11-13T17:58:33Z,51.490780,-0.440682,18.3
2024-11-13T17:58:34Z,51.490773,-0.440682,17.8
2024-11-13T17:58:35Z,51.490773,-0.440673,18.1
2024-11-13T17:58:36Z,51.490775,-0.440660,17.8
2024-11-13T17:58:37Z,51.490787,-0.440640,17.6
2024-11-13T17:58:38Z,51.490783,-0.440608,18.0
2024-11-13T17:58:39Z,51.490775,-0.440585,18.6
2024-11-13T17:58:40Z,51.490773,-0.440562,19.1
2024-11-13T17:58:41Z,51.490768,-0.440543,19.6
2024-11-13T17:58:42Z,51.490757,-0.440528,20.0
2024-11-13T17:58:43Z,51.490750,-0.440520,20.3
2024-11-13T17:58:44Z,51.490742,-0.440530,20.8
2024-11-13T17:58:45Z,51.490728,-0.440558,20.8
2024-11-13T17:58:46Z,51.490718,-0.440590,20.6
2024-11-13T17:58:47Z,51.490705,-0.440618,20.8
2024-11-13T17:58:48Z,51.490697,-0.440632,21.0
2024-11-13T17:58:49Z,51.490692,-0.440627,21.1
2024-11-13T17:58:50Z,51.490687,-0.440622,21.3
2024-11-13T17:58:51Z,51.490673,-0.440627,21.1
2024-11-13T17:58:52Z,51.490672,-0.440630,21.1
2024-11-13T17:58:53Z,51.490658,-0.440630,21.3
2024-11-13T17:58:54Z,51.490645,-0.440632,21.1
2024-11-13T17:58:55Z,51.490632,-0.440635,21.1
2024-11-13T17:58:56Z,51.490622,-0.440635,21.0
2024-11-13T17:58:57Z,51.490608,-0.440640,20.6
2024-11-13T17:58:58Z,51.490598,-0.440648,20.8
2024-11-13T17:58:59Z,51.490590,-0.440655,20.8
2024-11-13T17:59:00Z,51.490582,-0.440658,20.8
2024-11-13T17:59:01Z,51.490572,-0.440642,21.0
2024-11-13T17:59:02Z,51.490567,-0.440640,20.5
2024-11-13T17:59:03Z,51.490567,-0.440653,20.3
2024-11-13T17:59:04Z,51.490558,-0.440668,19.8
2024-11-13T17:59:05Z,51.490552,-0.440677,19.1
2024-11-13T17:59:06Z,51.490540,-0.440685,18.1
2024-11-13T17:59:07Z,51.490535,-0.440692,17.1
2024-11-13T17:59:08Z,51.490538,-0.440705,16.8
2024-11-13T17:59:09Z,51.490543,-0.440720,16.6
2024-11-13T17:59:10Z,51.490553,-0.440738,16.8
2024-11-13T17:59:11Z,51.490548,-0.440742,16.3
2024-11-13T17:59:12Z,51.490562,-0.440728,16.1
2024-11-13T17:59:13Z,51.490567,-0.440713,15.3
2024-11-13T17:59:14Z,51.490567,-0.440710,14.3
2024-11-13T17:59:15Z,51.490570,-0.440705,13.5
2024-11-13T17:59:16Z,51.490572,-0.440697,13.0
2024-11-13T17:59:17Z,51.490577,-0.440687,12.8
2024-11-13T17:59:18Z,51.490585,-0.440672,11.8
2024-11-13T17:59:19Z,51.490608,-0.440668,11.6
2024-11-13T17:59:20Z,51.490622,-0.440653,11.6
2024-11-13T17:59:21Z,51.490635,-0.440632,11.6
2024-11-13T17:59:22Z,51.490645,-0.440622,11.8
2024-11-13T17:59:23Z,51.490653,-0.440622,12.5
2024-11-13T17:59:24Z,51.490655,-0.440612,13.1
2024-11-13T17:59:25Z,51.490658,-0.440608,13.1
2024-11-13T17:59:26Z,51.490663,-0.440613,13.1
2024-11-13T17:59:27Z,51.490667,-0.440635,12.799
2024-11-13T17:59:28Z,51.490667,-0.440635,12.799
2024-11-13T17:59:29Z,51.490663,-0.440640,13.1
2024-11-13T17:59:30Z,51.490660,-0.440640,12.299
2024-11-13T17:59:31Z,51.490663,-0.440645,12.6
2024-11-13T17:59:32Z,51.490663,-0.440648,11.8
2024-11-13T17:59:33Z,51.490668,-0.440645,11.0
2024-11-13T17:59:34Z,51.490673,-0.440640,11.5
2024-11-13T17:59:35Z,51.490673,-0.440640,11.5
2024-11-13T17:59:36Z,51.490660,-0.440622,11.6
2024-11-13T17:59:37Z,51.490653,-0.440585,11.6
2024-11-13T17:59:38Z,51.490650,-0.440553,11.799
2024-11-13T17:59:39Z,51.490650,-0.440525,11.999
2024-11-13T17:59:40Z,51.490663,-0.440507,11.999
2024-11-13T17:59:41Z,51.490677,-0.440493,12.0
2024-11-13T17:59:42Z,51.490695,-0.440498,12.1
2024-11-13T17:59:43Z,51.490727,-0.440498,11.799
2024-11-13T17:59:44Z,51.490747,-0.440498,11.299
2024-11-13T17:59:45Z,51.490770,-0.440510,10.999
2024-11-13T17:59:46Z,51.490783,-0.440525,10.999
2024-11-13T17:59:47Z,51.490792,-0.440538,11.099
2024-11-13T17:59:48Z,51.490797,-0.440552,11.799
2024-11-13T17:59:49Z,51.490812,-0.440580,12.599
2024-11-13T17:59:50Z,51.490820,-0.440603,13.6
2024-11-13T17:59:51Z,51.490830,-0.440632,14.299
2024-11-13T17:59:52Z,51.490842,-0.440663,14.799
2024-11-13T17:59:53Z,51.490852,-0.440697,14.6
2024-11-13T17:59:54Z,51.490865,-0.440723,14.1
2024-11-13T17:59:55Z,51.490877,-0.440742,13.6
2024-11-13T17:59:56Z,51.490883,-0.440752,13.299
2024-11-13T17:59:57Z,51.490890,-0.440760,13.1
2024-11-13T17:59:58Z,51.490890,-0.440757,12.799
2024-11-13T17:59:59Z,51.490890,-0.440738,13.1
2024-11-13T18:00:00Z,51.490890,-0.440718,13.799
2024-11-13T18:00:01Z,51.490880,-0.440687,14.799
2024-11-13T18:00:02Z,51.490867,-0.440637,14.999
2024-11-13T18:00:03Z,51.490857,-0.440598,15.499
2024-11-13T18:00:04Z,51.490862,-0.440572,16.099
2024-11-13T18:00:05Z,51.490885,-0.440562,16.799
2024-11-13T18:00:06Z,51.490898,-0.440553,17.299
2024-11-13T18:00:07Z,51.490912,-0.440562,17.299
2024-11-13T18:00:08Z,51.490913,-0.440562,17.3
2024-11-13T18:00:09Z,51.490912,-0.440562,16.8
2024-11-13T18:00:10Z,51.490908,-0.440562,16.8
2024-11-13T18:00:11Z,51.490907,-0.440557,17.0
2024-11-13T18:00:12Z,51.490903,-0.440552,16.6
2024-11-13T18:00:13Z,51.490893,-0.440543,16.1
2024-11-13T18:00:14Z,51.490877,-0.440543,16.1
2024-11-13T18:00:15Z,51.490865,-0.440552,16.1
2024-11-13T18:00:16Z,51.490857,-0.440558,15.6
2024-11-13T18:00:17Z,51.490853,-0.440570,14.8
2024-11-13T18:00:18Z,51.490865,-0.440593,14.6
2024-11-13T18:00:19Z,51.490880,-0.440613,15.1
2024-11-13T18:00:20Z,51.490888,-0.440635,15.3
2024-11-13T18:00:21Z,51.490898,-0.440655,15.8
2024-11-13T18:00:22Z,51.490908,-0.440667,16.0
2024-11-13T18:00:23Z,51.490912,-0.440673,15.3
2024-11-13T18:00:24Z,51.490913,-0.440673,15.1
2024-11-13T18:00:25Z,51.490917,-0.440668,14.8
2024-11-13T18:00:26Z,51.490912,-0.440660,14.8
2024-11-13T18:00:27Z,51.490912,-0.440658,15.1
2024-11-13T18:00:28Z,51.490903,-0.440668,15.1
2024-11-13T18:00:29Z,51.490902,-0.440673,14.8
2024-11-13T18:00:30Z,51.490895,-0.440677,14.3
2024-11-13T18:00:31Z,51.490893,-0.440677,14.3
2024-11-13T18:00:32Z,51.490898,-0.440692,14.1
2024-11-13T18:00:33Z,51.490930,-0.440760,14.0
2024-11-13T18:00:34Z,51.490935,-0.440807,13.8
2024-11-13T18:00:35Z,51.490948,-0.440857,13.1
2024-11-13T18:00:36Z,51.490958,-0.440917,13.5
2024-11-13T18:00:37Z,51.490972,-0.440980,13.8
2024-11-13T18:00:38Z,51.490985,-0.441018,14.3
2024-11-13T18:00:39Z,51.490990,-0.441032,15.1
2024-11-13T18:00:40Z,51.490987,-0.441045,15.8
2024-11-13T18:00:41Z,51.490972,-0.441055,16.3
2024-11-13T18:00:42Z,51.490968,-0.441060,17.1
2024-11-13T18:00:43Z,51.490950,-0.441058,17.8
2024-11-13T18:00:44Z,51.490930,-0.441058,17.3
2024-11-13T18:00:45Z,51.490907,-0.441042,17.3
2024-11-13T18:00:46Z,51.490885,-0.441005,16.8
2024-11-13T18:00:47Z,51.490867,-0.440948,16.1
2024-11-13T18:00:48Z,51.490852,-0.440903,15.6
2024-11-13T18:00:49Z,51.490835,-0.440880,15.1
2024-11-13T18:00:50Z,51.490812,-0.440865,14.3
2024-11-13T18:00:51Z,51.490778,-0.440857,13.3
2024-11-13T18:00:52Z,51.490765,-0.440862,13.0
2024-11-13T18:00:53Z,51.490737,-0.440880,12.8
2024-11-13T18:00:54Z,51.490723,-0.440893,13.0
2024-11-13T18:00:55Z,51.490705,-0.440908,12.8
2024-11-13T18:00:56Z,51.490687,-0.440922,13.0
2024-11-13T18:00:57Z,51.490667,-0.440932,13.3
2024-11-13T18:00:58Z,51.490648,-0.440940,13.0
2024-11-13T18:00:59Z,51.490632,-0.440943,12.6
2024-11-13T18:01:00Z,51.490617,-0.440948,12.1
2024-11-13T18:01:01Z,51.490600,-0.440948,12.299
2024-11-13T18:01:02Z,51.490582,-0.440943,13.3
2024-11-13T18:01:03Z,51.490570,-0.440935,14.3
2024-11-13T18:01:04Z,51.490558,-0.440930,15.5
2024-11-13T18:01:05Z,51.490548,-0.440930,15.1
2024-11-13T18:01:06Z,51.490543,-0.440920,13.799
2024-11-13T18:01:07Z,51.490530,-0.440912,13.799
2024-11-13T18:01:08Z,51.490530,-0.440912,13.799
2024-11-13T18:01:09Z,51.490538,-0.440913,13.799
2024-11-13T18:01:10Z,51.490553,-0.440925,13.999
2024-11-13T18:01:11Z,51.490562,-0.440927,14.1
2024-11-13T18:01:12Z,51.490572,-0.440930,14.1
2024-11-13T18:01:13Z,51.490588,-0.440935,13.799
2024-11-13T18:01:14Z,51.490598,-0.440930,13.1
2024-11-13T18:01:15Z,51.490600,-0.440927,12.1
2024-11-13T18:01:16Z,51.490603,-0.440917,12.0
2024-11-13T18:01:17Z,51.490603,-0.440893,13.0
2024-11-13T18:01:18Z,51.490593,-0.440862,15.1
2024-11-13T18:01:19Z,51.490580,-0.440842,16.3
2024-11-13T18:01:20Z,51.490572,-0.440817,16.6
2024-11-13T18:01:21Z,51.490570,-0.440815,16.3
2024-11-13T18:01:22Z,51.490575,-0.440812,16.1
2024-11-13T18:01:23Z,51.490590,-0.440802,16.3
2024-11-13T18:01:24Z,51.490607,-0.440797,16.1
2024-11-13T18:01:25Z,51.490627,-0.440820,15.5
2024-11-13T18:01:26Z,51.490645,-0.440848,15.3
2024-11-13T18:01:27Z,51.490668,-0.440852,16.0
2024-11-13T18:01:28Z,51.490700,-0.440865,16.1
2024-11-13T18:01:29Z,51.490737,-0.440895,16.1
2024-11-13T18:01:30Z,51.490765,-0.440903,15.6
2024-11-13T18:01:31Z,51.490798,-0.440908,15.3
2024-11-13T18:01:32Z,51.490807,-0.440930,15.3
2024-11-13T18:01:33Z,51.490807,-0.440943,14.8
2024-11-13T18:01:34Z,51.490802,-0.440953,13.8
2024-11-13T18:01:35Z,51.490798,-0.440963,13.3
2024-11-13T18:01:36Z,51.490792,-0.440972,13.1
2024-11-13T18:01:37Z,51.490778,-0.440972,13.1
2024-11-13T18:01:38Z,51.490770,-0.440980,12.6
2024-11-13T18:01:39Z,51.490752,-0.440977,12.299
2024-11-13T18:01:40Z,51.490728,-0.440987,12.1
2024-11-13T18:01:41Z,51.490718,-0.440992,12.0
2024-11-13T18:01:42Z,51.490700,-0.440995,11.6
2024-11-13T18:01:43Z,51.490687,-0.441000,11.1
2024-11-13T18:01:44Z,51.490682,-0.441008,10.799
2024-11-13T18:01:45Z,51.490672,-0.441005,10.799
2024-11-13T18:01:46Z,51.490667,-0.441000,10.799
2024-11-13T18:01:47Z,51.490655,-0.440995,10.6
2024-11-13T18:01:48Z,51.490645,-0.440992,10.1
2024-11-13T18:01:49Z,51.490640,-0.440977,10.299
2024-11-13T18:01:50Z,51.490637,-0.440953,10.799
2024-11-13T18:01:51Z,51.490632,-0.440908,11.1
2024-11-13T18:01:52Z,51.490617,-0.440867,10.6
2024-11-13T18:01:53Z,51.490600,-0.440830,10.5
2024-11-13T18:01:54Z,51.490580,-0.440788,10.5
2024-11-13T18:01:55Z,51.490570,-0.440747,10.8
2024-11-13T18:01:56Z,51.490562,-0.440718,10.8
2024-11-13T18:01:57Z,51.490557,-0.440702,10.3
2024-11-13T18:01:58Z,51.490562,-0.440697,10.0
2024-11-13T18:01:59Z,51.490557,-0.440695,10.1
2024-11-13T18:02:00Z,51.490553,-0.440700,10.299
2024-11-13T18:02:01Z,51.490543,-0.440705,10.1
2024-11-13T18:02:02Z,51.490530,-0.440705,9.6
2024-11-13T18:02:03Z,51.490515,-0.440697,9.6
2024-11-13T18:02:04Z,51.490502,-0.440685,10.0
2024-11-13T18:02:05Z,51.490502,-0.440677,10.3
2024-11-13T18:02:06Z,51.490493,-0.440673,10.3
2024-11-13T18:02:07Z,51.490488,-0.440668,10.6
2024-11-13T18:02:08Z,51.490478,-0.440673,10.6
2024-11-13T18:02:09Z,51.490478,-0.440682,11.0
2024-11-13T18:02:10Z,51.490465,-0.440692,11.5
2024-11-13T18:02:11Z,51.490447,-0.440695,11.1
2024-11-13T18:02:12Z,51.490433,-0.440692,11.0
2024-11-13T18:02:13Z,51.490415,-0.440690,10.0
2024-11-13T18:02:14Z,51.490397,-0.440677,9.1
2024-11-13T18:02:15Z,51.490365,-0.440655,8.799
2024-11-13T18:02:16Z,51.490327,-0.440617,8.799
2024-11-13T18:02:17Z,51.490308,-0.440600,8.6
2024-11-13T18:02:18Z,51.490295,-0.440585,8.1
2024-11-13T18:02:19Z,51.490280,-0.440575,7.5
2024-11-13T18:02:20Z,51.490267,-0.440572,6.8
2024-11-13T18:02:21Z,51.490267,-0.440580,7.0
2024-11-13T18:02:22Z,51.490268,-0.440593,7.8
2024-11-13T18:02:23Z,51.490280,-0.440598,8.3
2024-11-13T18:02:24Z,51.490295,-0.440603,8.8
2024-11-13T18:02:25Z,51.490323,-0.440613,10.0
2024-11-13T18:02:26Z,51.490353,-0.440625,11.1
2024-11-13T18:02:27Z,51.490397,-0.440650,11.6
2024-11-13T18:02:28Z,51.490428,-0.440673,11.799
2024-11-13T18:02:29Z,51.490450,-0.440702,11.6
2024-11-13T18:02:30Z,51.490470,-0.440728,11.799
2024-11-13T18:02:31Z,51.490510,-0.440752,12.299
2024-11-13T18:02:32Z,51.490575,-0.440718,12.5
2024-11-13T18:02:33Z,51.490607,-0.440727,12.3
2024-11-13T18:02:34Z,51.490635,-0.440723,12.6
2024-11-13T18:02:35Z,51.490667,-0.440713,12.6
2024-11-13T18:02:36Z,51.490692,-0.440702,12.5
2024-11-13T18:02:37Z,51.490723,-0.440685,12.3
2024-11-13T18:02:38Z,51.490752,-0.440667,12.1
2024-11-13T18:02:39Z,51.490788,-0.440655,11.8
2024-11-13T18:02:40Z,51.490792,-0.440653,11.6
2024-11-13T18:02:41Z,51.490797,-0.440660,12.0
2024-11-13T18:02:42Z,51.490802,-0.440667,12.6
2024-11-13T18:02:43Z,51.490807,-0.440663,12.5
2024-11-13T18:02:44Z,51.490812,-0.440673,12.8
2024-11-13T18:02:45Z,51.490815,-0.440685,13.1
2024-11-13T18:02:46Z,51.490815,-0.440692,13.1
2024-11-13T18:02:47Z,51.490797,-0.440700,13.0
2024-11-13T18:02:48Z,51.490778,-0.440702,12.5
2024-11-13T18:02:49Z,51.490760,-0.440705,12.3
2024-11-13T18:02:50Z,51.490747,-0.440702,11.6
2024-11-13T18:02:51Z,51.490737,-0.440700,11.1
2024-11-13T18:02:52Z,51.490728,-0.440692,11.299
2024-11-13T18:02:53Z,51.490728,-0.440687,11.799
2024-11-13T18:02:54Z,51.490723,-0.440682,11.999
2024-11-13T18:02:55Z,51.490718,-0.440673,12.099
2024-11-13T18:02:56Z,51.490705,-0.440663,12.599
2024-11-13T18:02:57Z,51.490695,-0.440650,12.799
2024-11-13T18:02:58Z,51.490695,-0.440645,12.599
2024-11-13T18:02:59Z,51.490687,-0.440648,12.8
2024-11-13T18:03:00Z,51.490678,-0.440648,12.8
2024-11-13T18:03:01Z,51.490673,-0.440650,13.5
2024-11-13T18:03:02Z,51.490673,-0.440663,13.8
2024-11-13T18:03:03Z,51.490672,-0.440677,14.6
2024-11-13T18:03:04Z,51.490668,-0.440682,14.6
2024-11-13T18:03:05Z,51.490673,-0.440687,15.1
2024-11-13T18:03:06Z,51.490687,-0.440695,15.3
2024-11-13T18:03:07Z,51.490705,-0.440682,16.0
2024-11-13T18:03:08Z,51.490710,-0.440682,16.8
2024-11-13T18:03:09Z,51.490720,-0.440678,17.1
2024-11-13T18:03:10Z,51.490737,-0.440667,17.1
2024-11-13T18:03:11Z,51.490747,-0.440645,17.3
2024-11-13T18:03:12Z,51.490752,-0.440625,17.6
2024-11-13T18:03:13Z,51.490752,-0.440600,17.6
2024-11-13T18:03:14Z,51.490747,-0.440567,17.1
2024-11-13T18:03:15Z,51.490747,-0.440543,17.8
2024-11-13T18:03:16Z,51.490750,-0.440530,20.1
2024-11-13T18:03:17Z,51.490728,-0.440517,20.8
2024-11-13T18:03:18Z,51.490723,-0.440517,21.6
2024-11-13T18:03:19Z,51.490718,-0.440517,21.6
2024-11-13T18:03:20Z,51.490718,-0.440538,21.6
2024-11-13T18:03:21Z,51.490713,-0.440548,21.3
2024-11-13T18:03:22Z,51.490700,-0.440553,21.3
2024-11-13T18:03:23Z,51.490690,-0.440557,21.5
2024-11-13T18:03:24Z,51.490687,-0.440558,21.8
2024-11-13T18:03:25Z,51.490687,-0.440563,21.1
2024-11-13T18:03:26Z,51.490685,-0.440567,20.8
2024-11-13T18:03:27Z,51.490685,-0.440562,20.5
2024-11-13T18:03:28Z,51.490677,-0.440553,19.8
2024-11-13T18:03:29Z,51.490668,-0.440543,19.8
2024-11-13T18:03:30Z,51.490660,-0.440535,19.5
2024-11-13T18:03:31Z,51.490653,-0.440533,18.8
2024-11-13T18:03:32Z,51.490650,-0.440535,18.6
2024-11-13T18:03:33Z,51.490645,-0.440538,17.8
2024-11-13T18:03:34Z,51.490645,-0.440553,17.6
2024-11-13T18:03:35Z,51.490642,-0.440572,17.0
2024-11-13T18:03:36Z,51.490640,-0.440593,16.1
2024-11-13T18:03:37Z,51.490642,-0.440622,15.8
2024-11-13T18:03:38Z,51.490632,-0.440645,15.3
2024-11-13T18:03:39Z,51.490632,-0.440655,14.6
2024-11-13T18:03:40Z,51.490632,-0.440673,14.5
2024-11-13T18:03:41Z,51.490637,-0.440685,14.8
2024-11-13T18:03:42Z,51.490642,-0.440695,14.8
2024-11-13T18:03:43Z,51.490650,-0.440713,14.8
2024-11-13T18:03:44Z,51.490655,-0.440728,15.3
2024-11-13T18:03:45Z,51.490658,-0.440742,15.6
2024-11-13T18:03:46Z,51.490660,-0.440760,16.1
2024-11-13T18:03:47Z,51.490668,-0.440775,16.3
2024-11-13T18:03:48Z,51.490677,-0.440778,16.5
2024-11-13T18:03:49Z,51.490695,-0.440760,16.5
2024-11-13T18:03:50Z,51.490710,-0.440718,16.0
2024-11-13T18:03:51Z,51.490727,-0.440658,15.8
2024-11-13T18:03:52Z,51.490723,-0.440613,16.1
2024-11-13T18:03:53Z,51.490732,-0.440580,16.6
2024-11-13T18:03:54Z,51.490747,-0.440580,16.8
2024-11-13T18:03:55Z,51.490778,-0.440642,16.6
2024-11-13T18:03:56Z,51.490802,-0.440687,15.8
2024-11-13T18:03:57Z,51.490833,-0.440732,15.5
2024-11-13T18:03:58Z,51.490858,-0.440778,15.1
2024-11-13T18:03:59Z,51.490880,-0.440802,14.799
2024-11-13T18:04:00Z,51.490893,-0.440802,15.1
2024-11-13T18:04:01Z,51.490907,-0.440797,15.299
2024-11-13T18:04:02Z,51.490920,-0.440792,15.5
2024-11-13T18:04:03Z,51.490932,-0.440788,15.8
2024-11-13T18:04:04Z,51.490940,-0.440780,16.1
2024-11-13T18:04:05Z,51.490948,-0.440775,16.5
2024-11-13T18:04:06Z,51.490955,-0.440778,16.1
2024-11-13T18:04:07Z,51.490958,-0.440773,16.3
2024-11-13T18:04:08Z,51.490963,-0.440765,15.1
2024-11-13T18:04:09Z,51.490963,-0.440752,14.3
2024-11-13T18:04:10Z,51.490972,-0.440733,14.0
2024-11-13T18:04:11Z,51.490977,-0.440715,14.8
2024-11-13T18:04:12Z,51.490972,-0.440708,15.0
2024-11-13T18:04:13Z,51.490972,-0.440705,14.6
2024-11-13T18:04:14Z,51.490953,-0.440695,15.799
2024-11-13T18:04:15Z,51.490943,-0.440687,17.0
2024-11-13T18:04:16Z,51.490935,-0.440687,17.6
2024-11-13T18:04:17Z,51.490927,-0.440692,17.8
2024-11-13T18:04:18Z,51.490925,-0.440692,17.3
2024-11-13T18:04:19Z,51.490922,-0.440695,16.6
2024-11-13T18:04:20Z,51.490922,-0.440697,16.3
2024-11-13T18:04:21Z,51.490917,-0.440697,16.8
2024-11-13T18:04:22Z,51.490912,-0.440700,17.8
2024-11-13T18:04:23Z,51.490907,-0.440705,17.3
2024-11-13T18:04:24Z,51.490908,-0.440720,16.5
2024-11-13T18:04:25Z,51.490908,-0.440742,16.1
2024-11-13T18:04:26Z,51.490903,-0.440760,15.6
2024-11-13T18:04:27Z,51.490895,-0.440780,14.5
2024-11-13T18:04:28Z,51.490890,-0.440802,13.6
2024-11-13T18:04:29Z,51.490890,-0.440812,13.6
2024-11-13T18:04:30Z,51.490877,-0.440810,13.799
2024-11-13T18:04:31Z,51.490857,-0.440807,13.1
2024-11-13T18:04:32Z,51.490835,-0.440805,13.5
2024-11-13T18:04:33Z,51.490820,-0.440807,13.3
2024-11-13T18:04:34Z,51.490820,-0.440820,13.8
2024-11-13T18:04:35Z,51.490820,-0.440838,14.3
2024-11-13T18:04:36Z,51.490815,-0.440867,14.1
2024-11-13T18:04:37Z,51.490807,-0.440885,14.3
2024-11-13T18:04:38Z,51.490793,-0.440893,14.5
2024-11-13T18:04:39Z,51.490783,-0.440890,14.8
2024-11-13T18:04:40Z,51.490780,-0.440880,15.3
2024-11-13T18:04:41Z,51.490778,-0.440862,15.3
2024-11-13T18:04:42Z,51.490775,-0.440843,15.8
2024-11-13T18:04:43Z,51.490765,-0.440830,15.3
2024-11-13T18:04:44Z,51.490757,-0.440810,14.1
2024-11-13T18:04:45Z,51.490752,-0.440787,13.3
2024-11-13T18:04:46Z,51.490752,-0.440755,12.8
2024-11-13T18:04:47Z,51.490755,-0.440728,13.3
2024-11-13T18:04:48Z,51.490765,-0.440705,14.5
2024-11-13T18:04:49Z,51.490783,-0.440692,15.3
2024-11-13T18:04:50Z,51.490802,-0.440682,15.6
2024-11-13T18:04:51Z,51.490825,-0.440663,15.5
2024-11-13T18:04:52Z,51.490848,-0.440653,15.5
2024-11-13T18:04:53Z,51.490867,-0.440642,15.3
2024-11-13T18:04:54Z,51.490877,-0.440632,15.6
2024-11-13T18:04:55Z,51.490885,-0.440622,15.1
2024-11-13T18:04:56Z,51.490885,-0.440617,15.0
2024-11-13T18:04:57Z,51.490895,-0.440613,14.8
2024-11-13T18:04:58Z,51.490895,-0.440613,14.3
2024-11-13T18:04:59Z,51.490903,-0.440608,14.3
2024-11-13T18:05:00Z,51.490908,-0.440595,14.3
2024-11-13T18:05:01Z,51.490920,-0.440585,14.3
2024-11-13T18:05:02Z,51.490927,-0.440585,14.1
2024-11-13T18:05:07Z,51.490937,-0.440598,15.6
2024-11-13T18:05:08Z,51.490935,-0.440608,16.6
2024-11-13T18:05:09Z,51.490935,-0.440632,15.8
2024-11-13T18:05:10Z,51.490935,-0.440650,15.1
2024-11-13T18:05:11Z,51.490922,-0.440663,14.8
2024-11-13T18:05:12Z,51.490908,-0.440678,14.6
2024-11-13T18:05:13Z,51.490893,-0.440702,14.6
2024-11-13T18:05:14Z,51.490885,-0.440723,14.1
2024-11-13T18:05:15Z,51.490893,-0.440770,14.1
2024-11-13T18:05:16Z,51.490893,-0.440802,14.0
2024-11-13T18:05:17Z,51.490898,-0.440828,14.8
2024-11-13T18:05:18Z,51.490893,-0.440833,15.1
2024-11-13T18:05:19Z,51.490890,-0.440848,15.1
2024-11-13T18:05:20Z,51.490898,-0.440862,15.5
2024-11-13T18:05:21Z,51.490903,-0.440883,15.6
2024-11-13T18:05:22Z,51.490908,-0.440912,15.799
2024-11-13T18:05:23Z,51.490912,-0.440922,15.6
2024-11-13T18:05:24Z,51.490908,-0.440912,15.799
2024-11-13T18:05:25Z,51.490908,-0.440903,15.799
2024-11-13T18:05:26Z,51.490917,-0.440888,16.5
2024-11-13T18:05:27Z,51.490925,-0.440867,17.5
2024-11-13T18:05:28Z,51.490930,-0.440847,17.8
2024-11-13T18:05:29Z,51.490935,-0.440815,18.3
2024-11-13T18:05:30Z,51.490940,-0.440805,18.1
2024-11-13T18:05:31Z,51.490943,-0.440788,17.8
2024-11-13T18:05:32Z,51.490945,-0.440773,18.1
2024-11-13T18:05:33Z,51.490948,-0.440747,18.6
2024-11-13T18:05:34Z,51.490943,-0.440715,19.1
2024-11-13T18:05:35Z,51.490953,-0.440687,19.5
2024-11-13T18:05:36Z,51.490962,-0.440667,19.6
2024-11-13T18:05:37Z,51.490963,-0.440648,20.0
2024-11-13T18:05:38Z,51.490962,-0.440632,19.8
2024-11-13T18:05:39Z,51.490948,-0.440617,19.3
2024-11-13T18:05:40Z,51.490932,-0.440603,19.1
2024-11-13T18:05:41Z,51.490917,-0.440595,18.8
2024-11-13T18:05:42Z,51.490898,-0.440590,18.1
2024-11-13T18:05:43Z,51.490880,-0.440593,18.1
2024-11-13T18:05:44Z,51.490862,-0.440600,18.1
2024-11-13T18:05:45Z,51.490847,-0.440613,18.8
2024-11-13T18:05:46Z,51.490843,-0.440635,19.8
2024-11-13T18:05:47Z,51.490843,-0.440645,21.0
2024-11-13T18:05:48Z,51.490843,-0.440660,21.8
2024-11-13T18:05:49Z,51.490848,-0.440677,22.6
2024-11-13T18:05:50Z,51.490852,-0.440687,22.8
2024-11-13T18:05:51Z,51.490852,-0.440690,22.0
2024-11-13T18:05:52Z,51.490848,-0.440690,21.6
2024-11-13T18:05:53Z,51.490843,-0.440690,21.3
2024-11-13T18:05:54Z,51.490833,-0.440692,21.1
2024-11-13T18:05:55Z,51.490825,-0.440695,21.1
2024-11-13T18:05:56Z,51.490823,-0.440697,21.0
2024-11-13T18:05:57Z,51.490820,-0.440700,21.1
2024-11-13T18:05:58Z,51.490823,-0.440710,21.1
2024-11-13T18:05:59Z,51.490823,-0.440728,20.8
2024-11-13T18:06:00Z,51.490833,-0.440750,20.1
2024-11-13T18:06:02Z,51.490852,-0.440788,19.8
2024-11-13T18:06:03Z,51.490865,-0.440812,20.0
2024-11-13T18:06:04Z,51.490875,-0.440835,20.1
2024-11-13T18:06:05Z,51.490883,-0.440857,20.1
2024-11-13T18:06:06Z,51.490890,-0.440872,20.1
2024-11-13T18:06:07Z,51.490898,-0.440893,19.6
2024-11-13T18:06:08Z,51.490908,-0.440917,19.3
2024-11-13T18:06:09Z,51.490917,-0.440963,19.0
2024-11-13T18:06:10Z,51.490922,-0.440987,19.1
2024-11-13T18:06:11Z,51.490912,-0.440987,19.1
2024-11-13T18:06:12Z,51.490898,-0.440973,19.8
2024-11-13T18:06:13Z,51.490880,-0.440958,19.8
2024-11-13T18:06:14Z,51.490872,-0.440945,20.0
2024-11-13T18:06:15Z,51.490870,-0.440922,19.8
2024-11-13T18:06:16Z,51.490870,-0.440908,19.8
2024-11-13T18:06:17Z,51.490870,-0.440890,19.8
2024-11-13T18:06:18Z,51.490872,-0.440872,19.8
2024-11-13T18:06:19Z,51.490875,-0.440857,20.1
2024-11-13T18:06:20Z,51.490877,-0.440843,20.1
2024-11-13T18:06:21Z,51.490877,-0.440823,19.8
2024-11-13T18:06:22Z,51.490883,-0.440797,19.6
2024-11-13T18:06:23Z,51.490890,-0.440765,19.1
2024-11-13T18:06:24Z,51.490903,-0.440732,19.1
2024-11-13T18:06:25Z,51.490922,-0.440723,19.3
2024-11-13T18:06:26Z,51.490945,-0.440702,19.6
2024-11-13T18:06:27Z,51.490968,-0.440697,19.6
2024-11-13T18:06:28Z,51.490985,-0.440692,19.8
2024-11-13T18:06:29Z,51.490987,-0.440685,20.5
2024-11-13T18:06:30Z,51.490982,-0.440673,20.8
2024-11-13T18:06:31Z,51.490990,-0.440645,20.8
2024-11-13T18:06:32Z,51.491005,-0.440598,20.8
2024-11-13T18:06:33Z,51.491010,-0.440570,20.3
2024-11-13T18:06:34Z,51.491008,-0.440547,19.8
2024-11-13T18:06:35Z,51.491005,-0.440528,19.6
2024-11-13T18:06:36Z,51.490995,-0.440520,19.3
2024-11-13T18:06:37Z,51.490990,-0.440538,19.1
2024-11-13T18:06:38Z,51.490980,-0.440562,19.0
2024-11-13T18:06:39Z,51.490967,-0.440585,19.1
2024-11-13T18:06:40Z,51.490945,-0.440607,20.0
2024-11-13T18:06:41Z,51.490927,-0.440617,19.6
2024-11-13T18:06:42Z,51.490908,-0.440632,19.5
2024-11-13T18:06:43Z,51.490888,-0.440648,19.1
2024-11-13T18:06:44Z,51.490870,-0.440668,18.1
2024-11-13T18:06:45Z,51.490853,-0.440682,17.5
2024-11-13T18:06:46Z,51.490843,-0.440695,16.6
2024-11-13T18:06:47Z,51.490830,-0.440692,16.6
2024-11-13T18:06:48Z,51.490820,-0.440685,16.6
2024-11-13T18:06:49Z,51.490815,-0.440682,16.8
2024-11-13T18:06:50Z,51.490802,-0.440673,16.5
2024-11-13T18:06:51Z,51.490787,-0.440672,15.8
2024-11-13T18:06:52Z,51.490773,-0.440677,15.3
2024-11-13T18:06:53Z,51.490757,-0.440692,14.6
2024-11-13T18:06:54Z,51.490745,-0.440702,14.5
2024-11-13T18:06:55Z,51.490732,-0.440715,14.5
2024-11-13T18:06:56Z,51.490718,-0.440720,14.3
2024-11-13T18:06:57Z,51.490702,-0.440708,15.1
2024-11-13T18:06:58Z,51.490695,-0.440692,14.6
2024-11-13T18:06:59Z,51.490692,-0.440677,13.6
2024-11-13T18:07:00Z,51.490687,-0.440658,13.1
2024-11-13T18:07:01Z,51.490692,-0.440640,13.0
2024-11-13T18:07:02Z,51.490692,-0.440627,12.6
2024-11-13T18:07:03Z,51.490700,-0.440627,13.0
2024-11-13T18:07:04Z,51.490710,-0.440627,13.1
2024-11-13T18:07:05Z,51.490728,-0.440642,13.8
2024-11-13T18:07:06Z,51.490742,-0.440655,14.6
2024-11-13T18:07:07Z,51.490757,-0.440663,16.0
2024-11-13T18:07:08Z,51.490760,-0.440673,15.8
2024-11-13T18:07:09Z,51.490783,-0.440687,15.6
2024-11-13T18:07:10Z,51.490802,-0.440695,16.1
2024-11-13T18:07:11Z,51.490807,-0.440718,16.5
2024-11-13T18:07:12Z,51.490812,-0.440727,16.1
2024-11-13T18:07:13Z,51.490812,-0.440723,15.8
2024-11-13T18:07:14Z,51.490817,-0.440723,15.5
2024-11-13T18:07:15Z,51.490828,-0.440720,14.8
2024-11-13T18:07:16Z,51.490838,-0.440718,14.8
2024-11-13T18:07:17Z,51.490838,-0.440710,14.6
2024-11-13T18:07:18Z,51.490835,-0.440692,14.0
2024-11-13T18:07:19Z,51.490842,-0.440690,14.0
2024-11-13T18:07:20Z,51.490843,-0.440672,13.8
2024-11-13T18:07:21Z,51.490843,-0.440635,13.6
2024-11-13T18:07:22Z,51.490843,-0.440608,13.6
2024-11-13T18:07:23Z,51.490862,-0.440585,13.6
2024-11-13T18:07:24Z,51.490885,-0.440553,13.6
2024-11-13T18:07:25Z,51.490908,-0.440520,13.799
2024-11-13T18:07:26Z,51.490917,-0.440498,13.299
2024-11-13T18:07:27Z,51.490902,-0.440485,13.299
2024-11-13T18:07:28Z,51.490890,-0.440488,12.999
2024-11-13T18:07:29Z,51.490880,-0.440493,12.299
2024-11-13T18:07:30Z,51.490875,-0.440498,12.1
2024-11-13T18:07:31Z,51.490880,-0.440503,11.799
2024-11-13T18:07:32Z,51.490875,-0.440520,11.5
2024-11-13T18:07:33Z,51.490877,-0.440548,11.3
2024-11-13T18:07:34Z,51.490875,-0.440575,11.3
2024-11-13T18:07:35Z,51.490870,-0.440593,11.5
2024-11-13T18:07:36Z,51.490852,-0.440588,11.8
